diameter,circumference
3.0,9.056465532052552
3.2,10.247696405500108
3.6,11.01577509905552
4.8,14.788863750699805
6.1,19.38501384741799
7.2,22.025132697348727
8.7,27.192756154740947
10.0,31.24433419711529
11.3,35.25653736248844
11.9,37.32193734859501
